package,path,symbol,reference
components,community/Discussions/Views/DiscussionsTopicList/DiscussionsCheckbox.tsx,,* as RMWC,"@rmwc/types";
components,competitions/shared/Dialog/Dialog.tsx,CustomEventT ,"@rmwc/types";
components,competitions/shared/Messages/Messages.tsx,Snackbar, SnackbarAction ,"@rmwc/snackbar";
components,competitions/shared/Table/Table.tsx,,"@rmwc/data-table";
components,competitions/shared/Table/Table.tsx,require("@rmwc/data-table/data-table.css");
components,competitions/shared/Table/TableCell/TableCell.tsx,DataTableCell ,"@rmwc/data-table";
components,competitions/shared/Table/TableRow/TableRow.tsx,DataTableRow ,"@rmwc/data-table";
components,datasets/DataExplorerV3/Preview/TablePreview/Shared/ColumnTypeMenu.tsx,MenuOnSelectEventT ,"@rmwc/menu";
components,kernels/CaipExportModal/CaipExportModal.tsx,CustomEventT ,"@rmwc/types";
material,AllComponents.stories.tsx,SimpleDataTable ,"@rmwc/data-table";
material,Badge/Badge.tsx,Badge as MaterialBadge ,"@rmwc/badge";
material,Badge/Badge.tsx,require("@rmwc/badge/badge.css");
material,Badge/BadgeAnchor.tsx,require("@rmwc/badge/badge.css");
material,Badge/BadgeAnchor.tsx,export { dgeAnchor ,"@rmwc/badge";
material,Checkbox/Checkbox.tsx,ComponentProps ,"@rmwc/types";
material,Chip/ChipLegacy.tsx,Chip as MaterialChip ,"@rmwc/chip";
material,Chip/ChipSet.tsx,ChipSet as MaterialChipSet ,"@rmwc/chip";
material,Chip/ChoiceChipSet.tsx,ChipSet as MaterialChipSet ,"@rmwc/chip";
material,CircularProgress/CircularProgress.tsx,,"@rmwc/circular-progress";
material,CircularProgress/CircularProgress.tsx,require("@rmwc/circular-progress/circular-progress.css");
material,DataTable/DataTable.tsx,DataTable as MaterialDataTable ,"@rmwc/data-table";
material,DataTable/DataTable.tsx,require("@rmwc/data-table/data-table.css");
material,DataTable/DataTableBody.tsx,DataTableBody as MaterialDataTableBody ,"@rmwc/data-table";
material,DataTable/DataTableBody.tsx,require("@rmwc/data-table/data-table.css");
material,DataTable/DataTableCell.tsx,DataTableCell as MaterialDataTableCell ,"@rmwc/data-table";
material,DataTable/DataTableCell.tsx,require("@rmwc/data-table/data-table.css");
material,DataTable/DataTableContent.tsx,DataTableContent as MaterialDataTableContent ,"@rmwc/data-table";
material,DataTable/DataTableContent.tsx,require("@rmwc/data-table/data-table.css");
material,DataTable/DataTableHead.tsx,DataTableHead as MaterialDataTableHead ,"@rmwc/data-table";
material,DataTable/DataTableHead.tsx,require("@rmwc/data-table/data-table.css");
material,DataTable/DataTableHeadCell.tsx,DataTableHeadCell as MaterialDataTableHeadCell ,"@rmwc/data-table";
material,DataTable/DataTableHeadCell.tsx,require("@rmwc/data-table/data-table.css");
material,DataTable/DataTableRow.tsx,DataTableRow as MaterialDataTableRow ,"@rmwc/data-table";
material,DataTable/DataTableRow.tsx,require("@rmwc/data-table/data-table.css");
material,DataTable/SimpleDataTable.tsx,SimpleDataTable as MaterialSimpleDataTable ,"@rmwc/data-table";
material,DataTable/SimpleDataTable.tsx,ThemeProvider ,"@rmwc/theme";
material,DataTable/SimpleDataTable.tsx,require("@rmwc/data-table/data-table.css");
material,Dialog/Dialog.tsx,Dialog as MaterialDialog ,"@rmwc/dialog";
material,Dialog/Dialog.tsx,CustomEventT ,"@rmwc/types";
material,Dialog/DialogButton.tsx,DialogButton as MaterialDialogButton ,"@rmwc/dialog";
material,Dialog/SimpleDialog.tsx,* as RMWC "@rmwc/types";
material,Drawer/Drawer.tsx,,"@rmwc/drawer";
material,Drawer/DrawerAppContent.tsx,DrawerAppContent as MaterialDrawerAppContent ,"@rmwc/drawer";
material,Drawer/DrawerContent.tsx,DrawerContent as MaterialDrawerContent ,"@rmwc/drawer";
material,Drawer/DrawerHeader.tsx,DrawerHeader as MaterialDrawerHeader ,"@rmwc/drawer";
material,Drawer/DrawerSubtitle.tsx,DrawerSubtitle as MaterialDrawerSubtitle ,"@rmwc/drawer";
material,Drawer/DrawerTitle.tsx,DrawerTitle as MaterialDrawerTitle ,"@rmwc/drawer";
material,FormField/FormField.tsx,FormField as MaterialFormField ,"@rmwc/formfield";
material,Grid/Grid.tsx,Grid as MaterialGrid ,"@rmwc/grid";
material,Grid/Grid.tsx,ComponentProps ,"@rmwc/types";
material,Grid/GridCell.tsx,GridCell as MaterialGridCell ,"@rmwc/grid";
material,Grid/GridCell.tsx,ComponentProps ,"@rmwc/types";
material,Grid/GridInner.tsx,GridInner as MaterialGridInner, GridInnerProps ,"@rmwc/grid";
material,HomePage/HomePage.tsx,Fab as MaterialFab ,"@rmwc/fab";
material,Icon/Icon.tsx,Icon as MaterialIcon ,"@rmwc/icon";
material,Icon/Icon.tsx,require("@rmwc/icon/icon.css");
material,Icon/legacy/Icon.tsx,Icon as MaterialIcon ,"@rmwc/icon";
material,Icon/legacy/Icon.tsx,require("@rmwc/icon/icon.css");
material,LinearProgress/LinearProgress.tsx,LinearProgress as MaterialLinearProgress ,"@rmwc/linear-progress";
material,List/CollapsibleList.tsx,,"@rmwc/list";
material,List/CollapsibleList.tsx,require("@rmwc/list/collapsible-list.css");
material,List/List.stories.tsx,Avatar ,"@rmwc/avatar";
material,List/ListGroup.tsx,ListGroup as MaterialListGroup ,"@rmwc/list";
material,List/NotificationListItem.tsx,MenuOnSelectEventT, MenuSurfaceAnchor ,"@rmwc/menu";
material,List/legacy/ListItemDivider.tsx,ListDivider as MaterialListDivider ,"@rmwc/list";
material,Menu/ChildMenu.tsx,MenuOnSelectEventT ,"@rmwc/menu";
material,Menu/Menu.stories.tsx,MenuOnSelectEventT ,"@rmwc/menu";
material,Menu/Menu.tsx,,"@rmwc/menu";
material,Menu/MenuItem.tsx,MenuItem as MaterialMenuItem ,"@rmwc/menu";
material,Menu/MenuSurface.tsx,,"@rmwc/menu";
material,Menu/MenuSurfaceAnchor.tsx,MenuSurfaceAnchor as MaterialMenuSurfaceAnchor ,"@rmwc/menu";
material,Menu/SimpleMenu.tsx,SimpleMenu as MaterialSimpleMenu, SimpleMenuProps ,"@rmwc/menu";
material,Menu/SimpleMenuSurface.tsx,SimpleMenuSurface as MaterialSimpleMenuSurface ,"@rmwc/menu";
material,Radio/Radio.tsx,Radio as MaterialRadio ,"@rmwc/radio";
material,Radio/Radio.tsx,ComponentProps ,"@rmwc/types";
material,Select/Select.tsx,Select as MaterialSelect ,"@rmwc/select";
material,Slider/Slider.tsx,,"@rmwc/slider";
material,Snackbar/Snackbar.tsx,,"@rmwc/snackbar";
material,Snackbar/SnackbarAction.tsx,SnackbarAction as MaterialSnackbarAction ,"@rmwc/snackbar";
material,Snackbar/SnackbarQueue.tsx,ArrayEmitter ,"@rmwc/base";
material,Snackbar/SnackbarQueue.tsx,,"@rmwc/snackbar";
material,Snackbar/SnackbarQueue.tsx,export { eateSnackbarQueue ,"@rmwc/snackbar";
material,Switch/legacy/Switch.tsx,Switch as MaterialSwitch ,"@rmwc/switch";
material,TextField/TextField.tsx,TextField as MaterialTextField ,"@rmwc/textfield";
material,beta/ExpansionPanel/ExpansionPanel.tsx,CollapsibleList ,"@rmwc/list";
material,beta/ExpansionPanel/ExpansionPanel.tsx,require("@rmwc/list/collapsible-list.css");
styled-components,MaterialThemeProvider.tsx,ThemeProvider ,"@rmwc/theme";
styled-components,RMWCProvider.tsx,RMWCProvider as DefaultRMWCProvider ,"@rmwc/provider";
kernels,/modal/GcpAuthConfirmationDialog.tsx,CustomEventT ,"@rmwc/types";
kernels,/modal/GcpAuthModal.tsx,CustomEventT ,"@rmwc/types";
kernels,/modal/UserSecretsModal.tsx,* as RMWC "@rmwc/types";
kernels,/notebook/MenuButton.tsx,,"@rmwc/menu";
kernels,/toolbar/SessionMenu.tsx,MenuOnSelectEventT ,"@rmwc/menu";
kernels,/versions/VersionListItem.tsx,MenuOnSelectEventT ,"@rmwc/menu";
kernels,/versions/VersionNameDialog.tsx,CustomEventT ,"@rmwc/types";